step,x,y,segment_length,cumulative_length
1,40,51,16.0,16.0
2,40,50,1.0,17.0
3,40,49,1.0,18.0
4,41,49,1.0,19.0
5,42,49,1.0,20.0
6,43,49,1.0,21.0
7,44,49,1.0,22.0
8,44,48,1.0,23.0
9,44,47,1.0,24.0
10,43,47,1.0,25.0
11,43,48,1.0,26.0
12,42,48,1.0,27.0
13,42,47,1.0,28.0
14,42,46,1.0,29.0
15,43,46,1.0,30.0
16,43,45,1.0,31.0
17,44,45,1.0,32.0
18,44,44,1.0,33.0
19,43,44,1.0,34.0
20,43,43,1.0,35.0
21,43,42,1.0,36.0
22,44,42,1.0,37.0
23,44,41,1.0,38.0
24,44,40,1.0,39.0
25,43,40,1.0,40.0
26,43,41,1.0,41.0
27,42,41,1.0,42.0
28,42,40,1.0,43.0
29,41,40,1.0,44.0
30,41,39,1.0,45.0
31,42,39,1.0,46.0
32,43,39,1.0,47.0
33,43,38,1.0,48.0
34,44,38,1.0,49.0
35,44,37,1.0,50.0
36,44,36,1.0,51.0
37,44,35,1.0,52.0
38,43,35,1.0,53.0
39,43,36,1.0,54.0
40,43,37,1.0,55.0
41,42,37,1.0,56.0
42,41,37,1.0,57.0
43,40,37,1.0,58.0
44,40,36,1.0,59.0
45,40,35,1.0,60.0
46,40,34,1.0,61.0
47,40,33,1.0,62.0
48,41,33,1.0,63.0
49,41,32,1.0,64.0
50,41,31,1.0,65.0
51,41,30,1.0,66.0
52,40,30,1.0,67.0
53,40,31,1.0,68.0
54,40,32,1.0,69.0
55,39,32,1.0,70.0
56,39,31,1.0,71.0
57,39,30,1.0,72.0
58,38,30,1.0,73.0
59,38,31,1.0,74.0
60,38,32,1.0,75.0
61,38,33,1.0,76.0
62,39,33,1.0,77.0
63,39,34,1.0,78.0
64,39,35,1.0,79.0
65,39,36,1.0,80.0
66,39,37,1.0,81.0
67,39,38,1.0,82.0
68,40,38,1.0,83.0
69,41,38,1.0,84.0
70,42,38,1.0,85.0
71,42,36,2.0,87.0
72,42,35,1.0,88.0
73,41,35,1.0,89.0
74,41,34,1.0,90.0
75,42,34,1.0,91.0
76,43,34,1.0,92.0
77,43,33,1.0,93.0
78,44,33,1.0,94.0
79,44,32,1.0,95.0
80,44,31,1.0,96.0
81,44,30,1.0,97.0
82,45,30,1.0,98.0
83,46,30,1.0,99.0
84,47,30,1.0,100.0
85,48,30,1.0,101.0
86,48,31,1.0,102.0
87,47,31,1.0,103.0
88,47,32,1.0,104.0
89,48,32,1.0,105.0
90,48,33,1.0,106.0
91,47,33,1.0,107.0
92,47,34,1.0,108.0
93,48,34,1.0,109.0
94,48,35,1.0,110.0
95,48,36,1.0,111.0
96,47,36,1.0,112.0
97,47,35,1.0,113.0
98,46,35,1.0,114.0
99,46,34,1.0,115.0
100,46,33,1.0,116.0
101,46,32,1.0,117.0
102,45,32,1.0,118.0
103,45,31,1.0,119.0
104,46,31,1.0,120.0
105,45,33,2.23606797749979,122.23606797749979
106,45,34,1.0,123.23606797749979
107,44,34,1.0,124.23606797749979
108,45,35,1.4142135623730951,125.65028153987288
109,45,36,1.0,126.65028153987288
110,45,37,1.0,127.65028153987288
111,46,37,1.0,128.65028153987288
112,47,37,1.0,129.65028153987288
113,48,37,1.0,130.65028153987288
114,48,38,1.0,131.65028153987288
115,47,38,1.0,132.65028153987288
116,47,39,1.0,133.65028153987288
117,48,39,1.0,134.65028153987288
118,48,40,1.0,135.65028153987288
119,47,40,1.0,136.65028153987288
120,47,41,1.0,137.65028153987288
121,47,42,1.0,138.65028153987288
122,48,42,1.0,139.65028153987288
123,49,42,1.0,140.65028153987288
124,49,41,1.0,141.65028153987288
125,50,41,1.0,142.65028153987288
126,51,41,1.0,143.65028153987288
127,51,40,1.0,144.65028153987288
128,52,40,1.0,145.65028153987288
129,52,39,1.0,146.65028153987288
130,51,39,1.0,147.65028153987288
131,51,38,1.0,148.65028153987288
132,51,37,1.0,149.65028153987288
133,52,37,1.0,150.65028153987288
134,52,36,1.0,151.65028153987288
135,52,35,1.0,152.65028153987288
136,51,35,1.0,153.65028153987288
137,51,34,1.0,154.65028153987288
138,51,33,1.0,155.65028153987288
139,52,33,1.0,156.65028153987288
140,52,32,1.0,157.65028153987288
141,53,32,1.0,158.65028153987288
142,54,32,1.0,159.65028153987288
143,55,32,1.0,160.65028153987288
144,56,32,1.0,161.65028153987288
145,56,31,1.0,162.65028153987288
146,56,30,1.0,163.65028153987288
147,55,30,1.0,164.65028153987288
148,55,31,1.0,165.65028153987288
149,54,31,1.0,166.65028153987288
150,54,30,1.0,167.65028153987288
151,53,30,1.0,168.65028153987288
152,52,30,1.0,169.65028153987288
153,51,30,1.0,170.65028153987288
154,51,31,1.0,171.65028153987288
155,51,32,1.0,172.65028153987288
156,50,32,1.0,173.65028153987288
157,50,31,1.0,174.65028153987288
158,50,30,1.0,175.65028153987288
159,49,30,1.0,176.65028153987288
160,49,31,1.0,177.65028153987288
161,49,32,1.0,178.65028153987288
162,49,33,1.0,179.65028153987288
163,50,33,1.0,180.65028153987288
164,50,34,1.0,181.65028153987288
165,49,34,1.0,182.65028153987288
166,49,35,1.0,183.65028153987288
167,50,35,1.0,184.65028153987288
168,50,36,1.0,185.65028153987288
169,51,36,1.0,186.65028153987288
170,50,37,1.4142135623730951,188.06449510224598
171,50,38,1.0,189.06449510224598
172,50,39,1.0,190.06449510224598
173,49,39,1.0,191.06449510224598
174,49,38,1.0,192.06449510224598
175,49,37,1.0,193.06449510224598
176,49,36,1.0,194.06449510224598
177,46,36,3.0,197.06449510224598
178,46,38,2.0,199.06449510224598
179,45,38,1.0,200.06449510224598
180,45,39,1.0,201.06449510224598
181,46,39,1.0,202.06449510224598
182,46,40,1.0,203.06449510224598
183,46,41,1.0,204.06449510224598
184,45,41,1.0,205.06449510224598
185,45,40,1.0,206.06449510224598
186,44,39,1.4142135623730951,207.4787086646191
187,45,42,3.1622776601683795,210.64098632478746
188,46,42,1.0,211.64098632478746
189,46,43,1.0,212.64098632478746
190,47,43,1.0,213.64098632478746
191,47,44,1.0,214.64098632478746
192,48,44,1.0,215.64098632478746
193,48,45,1.0,216.64098632478746
194,47,45,1.0,217.64098632478746
195,47,46,1.0,218.64098632478746
196,48,46,1.0,219.64098632478746
197,48,47,1.0,220.64098632478746
198,47,47,1.0,221.64098632478746
199,47,48,1.0,222.64098632478746
200,47,49,1.0,223.64098632478746
201,48,49,1.0,224.64098632478746
202,48,48,1.0,225.64098632478746
203,46,48,2.0,227.64098632478746
204,46,47,1.0,228.64098632478746
205,46,46,1.0,229.64098632478746
206,46,45,1.0,230.64098632478746
207,46,44,1.0,231.64098632478746
208,45,44,1.0,232.64098632478746
209,45,43,1.0,233.64098632478746
210,44,43,1.0,234.64098632478746
211,42,43,2.0,236.64098632478746
212,42,44,1.0,237.64098632478746
213,41,44,1.0,238.64098632478746
214,40,44,1.0,239.64098632478746
215,40,43,1.0,240.64098632478746
216,40,42,1.0,241.64098632478746
217,40,41,1.0,242.64098632478746
218,40,40,1.0,243.64098632478746
219,39,40,1.0,244.64098632478746
220,39,39,1.0,245.64098632478746
221,38,39,1.0,246.64098632478746
222,38,38,1.0,247.64098632478746
223,38,37,1.0,248.64098632478746
224,38,36,1.0,249.64098632478746
225,38,35,1.0,250.64098632478746
226,38,34,1.0,251.64098632478746
227,41,36,3.605551275463989,255.24653760025146
228,42,33,3.1622776601683795,258.40881526041983
229,42,32,1.0,259.40881526041983
230,43,32,1.0,260.40881526041983
231,43,31,1.0,261.40881526041983
232,43,30,1.0,262.40881526041983
233,42,30,1.0,263.40881526041983
234,42,31,1.0,264.40881526041983
235,40,39,8.246211251235321,272.65502651165514
236,39,41,2.23606797749979,274.8910944891549
237,39,42,1.0,275.8910944891549
238,39,43,1.0,276.8910944891549
239,39,44,1.0,277.8910944891549
240,39,45,1.0,278.8910944891549
241,40,45,1.0,279.8910944891549
242,41,45,1.0,280.8910944891549
243,42,45,1.0,281.8910944891549
244,41,46,1.4142135623730951,283.305308051528
245,40,46,1.0,284.305308051528
246,40,47,1.0,285.305308051528
247,39,47,1.0,286.305308051528
248,39,48,1.0,287.305308051528
249,39,49,1.0,288.305308051528
250,39,50,1.0,289.305308051528
251,39,51,1.0,290.305308051528
252,38,51,1.0,291.305308051528
253,38,50,1.0,292.305308051528
254,38,49,1.0,293.305308051528
255,38,48,1.0,294.305308051528
256,38,47,1.0,295.305308051528
257,38,46,1.0,296.305308051528
258,39,46,1.0,297.305308051528
259,38,45,1.4142135623730951,298.7195216139011
260,38,44,1.0,299.7195216139011
261,38,43,1.0,300.7195216139011
262,38,42,1.0,301.7195216139011
263,38,41,1.0,302.7195216139011
264,38,40,1.0,303.7195216139011
265,41,41,3.1622776601683795,306.8817992740695
266,41,42,1.0,307.8817992740695
267,42,42,1.0,308.8817992740695
268,41,43,1.4142135623730951,310.2960128364426
269,41,47,4.0,314.2960128364426
270,41,48,1.0,315.2960128364426
271,40,48,1.0,316.2960128364426
272,41,50,2.23606797749979,318.5320808139424
273,41,51,1.0,319.5320808139424
274,42,51,1.0,320.5320808139424
275,42,50,1.0,321.5320808139424
276,43,50,1.0,322.5320808139424
277,44,50,1.0,323.5320808139424
278,45,50,1.0,324.5320808139424
279,46,50,1.0,325.5320808139424
280,47,50,1.0,326.5320808139424
281,48,50,1.0,327.5320808139424
282,46,49,2.23606797749979,329.7681487914422
283,45,49,1.0,330.7681487914422
284,45,48,1.0,331.7681487914422
285,45,47,1.0,332.7681487914422
286,45,46,1.0,333.7681487914422
287,45,45,1.0,334.7681487914422
288,44,46,1.4142135623730951,336.1823623538153
289,48,43,5.0,341.1823623538153
290,49,43,1.0,342.1823623538153
291,50,43,1.0,343.1823623538153
292,51,43,1.0,344.1823623538153
293,51,42,1.0,345.1823623538153
294,52,42,1.0,346.1823623538153
295,52,41,1.0,347.1823623538153
296,53,41,1.0,348.1823623538153
297,54,41,1.0,349.1823623538153
298,55,41,1.0,350.1823623538153
299,55,40,1.0,351.1823623538153
300,55,39,1.0,352.1823623538153
301,56,39,1.0,353.1823623538153
302,56,38,1.0,354.1823623538153
303,56,37,1.0,355.1823623538153
304,55,37,1.0,356.1823623538153
305,55,36,1.0,357.1823623538153
306,55,35,1.0,358.1823623538153
307,55,34,1.0,359.1823623538153
308,55,33,1.0,360.1823623538153
309,54,33,1.0,361.1823623538153
310,54,34,1.0,362.1823623538153
311,53,34,1.0,363.1823623538153
312,53,33,1.0,364.1823623538153
313,52,34,1.4142135623730951,365.5965759161884
314,53,35,1.4142135623730951,367.0107894785615
315,54,35,1.0,368.0107894785615
316,54,36,1.0,369.0107894785615
317,54,37,1.0,370.0107894785615
318,54,38,1.0,371.0107894785615
319,55,38,1.0,372.0107894785615
320,54,39,1.4142135623730951,373.4250030409346
321,54,40,1.0,374.4250030409346
322,53,40,1.0,375.4250030409346
323,53,39,1.0,376.4250030409346
324,53,38,1.0,377.4250030409346
325,53,37,1.0,378.4250030409346
326,53,36,1.0,379.4250030409346
327,52,38,2.23606797749979,381.66107101843437
328,50,40,2.8284271247461903,384.4894981431806
329,49,40,1.0,385.4894981431806
330,48,41,1.4142135623730951,386.9037117055537
331,50,42,2.23606797749979,389.13977968305346
332,50,44,2.0,391.13977968305346
333,51,44,1.0,392.13977968305346
334,52,44,1.0,393.13977968305346
335,52,43,1.0,394.13977968305346
336,53,43,1.0,395.13977968305346
337,54,43,1.0,396.13977968305346
338,55,43,1.0,397.13977968305346
339,55,42,1.0,398.13977968305346
340,54,42,1.0,399.13977968305346
341,53,42,1.0,400.13977968305346
342,53,44,2.0,402.13977968305346
343,54,44,1.0,403.13977968305346
344,55,44,1.0,404.13977968305346
345,56,44,1.0,405.13977968305346
346,56,43,1.0,406.13977968305346
347,57,43,1.0,407.13977968305346
348,58,43,1.0,408.13977968305346
349,59,43,1.0,409.13977968305346
350,59,42,1.0,410.13977968305346
351,59,41,1.0,411.13977968305346
352,60,41,1.0,412.13977968305346
353,61,41,1.0,413.13977968305346
354,62,41,1.0,414.13977968305346
355,62,40,1.0,415.13977968305346
356,63,40,1.0,416.13977968305346
357,64,40,1.0,417.13977968305346
358,64,41,1.0,418.13977968305346
359,65,41,1.0,419.13977968305346
360,65,40,1.0,420.13977968305346
361,65,39,1.0,421.13977968305346
362,65,38,1.0,422.13977968305346
363,65,37,1.0,423.13977968305346
364,65,36,1.0,424.13977968305346
365,65,35,1.0,425.13977968305346
366,65,34,1.0,426.13977968305346
367,64,34,1.0,427.13977968305346
368,63,34,1.0,428.13977968305346
369,63,33,1.0,429.13977968305346
370,62,33,1.0,430.13977968305346
371,62,34,1.0,431.13977968305346
372,61,34,1.0,432.13977968305346
373,60,34,1.0,433.13977968305346
374,59,34,1.0,434.13977968305346
375,59,33,1.0,435.13977968305346
376,59,32,1.0,436.13977968305346
377,60,32,1.0,437.13977968305346
378,61,32,1.0,438.13977968305346
379,61,31,1.0,439.13977968305346
380,62,31,1.0,440.13977968305346
381,63,31,1.0,441.13977968305346
382,63,30,1.0,442.13977968305346
383,62,30,1.0,443.13977968305346
384,61,30,1.0,444.13977968305346
385,60,30,1.0,445.13977968305346
386,59,30,1.0,446.13977968305346
387,59,31,1.0,447.13977968305346
388,58,31,1.0,448.13977968305346
389,58,30,1.0,449.13977968305346
390,57,30,1.0,450.13977968305346
391,57,31,1.0,451.13977968305346
392,57,32,1.0,452.13977968305346
393,58,32,1.0,453.13977968305346
394,58,33,1.0,454.13977968305346
395,57,33,1.0,455.13977968305346
396,57,34,1.0,456.13977968305346
397,58,34,1.0,457.13977968305346
398,58,35,1.0,458.13977968305346
399,59,35,1.0,459.13977968305346
400,59,36,1.0,460.13977968305346
401,59,37,1.0,461.13977968305346
402,60,37,1.0,462.13977968305346
403,61,37,1.0,463.13977968305346
404,61,36,1.0,464.13977968305346
405,62,36,1.0,465.13977968305346
406,63,36,1.0,466.13977968305346
407,63,35,1.0,467.13977968305346
408,62,35,1.0,468.13977968305346
409,61,35,1.0,469.13977968305346
410,60,35,1.0,470.13977968305346
411,60,36,1.0,471.13977968305346
412,58,36,2.0,473.13977968305346
413,57,36,1.0,474.13977968305346
414,57,35,1.0,475.13977968305346
415,56,35,1.0,476.13977968305346
416,56,34,1.0,477.13977968305346
417,56,33,1.0,478.13977968305346
418,56,36,3.0,481.13977968305346
419,57,37,1.4142135623730951,482.55399324542657
420,58,37,1.0,483.55399324542657
421,58,38,1.0,484.55399324542657
422,59,38,1.0,485.55399324542657
423,59,39,1.0,486.55399324542657
424,60,39,1.0,487.55399324542657
425,61,39,1.0,488.55399324542657
426,61,38,1.0,489.55399324542657
427,62,38,1.0,490.55399324542657
428,63,38,1.0,491.55399324542657
429,63,37,1.0,492.55399324542657
430,62,37,1.0,493.55399324542657
431,62,39,2.0,495.55399324542657
432,63,39,1.0,496.55399324542657
433,64,39,1.0,497.55399324542657
434,64,38,1.0,498.55399324542657
435,64,37,1.0,499.55399324542657
436,64,36,1.0,500.55399324542657
437,64,35,1.0,501.55399324542657
438,64,33,2.0,503.55399324542657
439,64,32,1.0,504.55399324542657
440,64,31,1.0,505.55399324542657
441,65,31,1.0,506.55399324542657
442,65,32,1.0,507.55399324542657
443,65,33,1.0,508.55399324542657
444,63,32,2.23606797749979,510.79006122292634
445,62,32,1.0,511.79006122292634
446,61,33,1.4142135623730951,513.2042747852994
447,60,33,1.0,514.2042747852994
448,60,31,2.0,516.2042747852994
449,64,30,4.123105625617661,520.327380410917
450,60,38,8.94427190999916,529.2716523209162
451,60,40,2.0,531.2716523209162
452,59,40,1.0,532.2716523209162
453,58,40,1.0,533.2716523209162
454,58,41,1.0,534.2716523209162
455,57,41,1.0,535.2716523209162
456,57,40,1.0,536.2716523209162
457,57,39,1.0,537.2716523209162
458,57,38,1.0,538.2716523209162
459,58,39,1.4142135623730951,539.6858658832894
460,56,40,2.23606797749979,541.9219338607892
461,56,41,1.0,542.9219338607892
462,56,42,1.0,543.9219338607892
463,57,42,1.0,544.9219338607892
464,58,42,1.0,545.9219338607892
465,58,44,2.0,547.9219338607892
466,59,44,1.0,548.9219338607892
467,60,44,1.0,549.9219338607892
468,61,44,1.0,550.9219338607892
469,61,43,1.0,551.9219338607892
470,62,43,1.0,552.9219338607892
471,63,43,1.0,553.9219338607892
472,63,42,1.0,554.9219338607892
473,62,42,1.0,555.9219338607892
474,61,42,1.0,556.9219338607892
475,60,42,1.0,557.9219338607892
476,60,43,1.0,558.9219338607892
477,62,44,2.23606797749979,561.158001838289
478,62,45,1.0,562.158001838289
479,63,45,1.0,563.158001838289
480,64,45,1.0,564.158001838289
481,65,45,1.0,565.158001838289
482,65,44,1.0,566.158001838289
483,65,43,1.0,567.158001838289
484,65,42,1.0,568.158001838289
485,64,42,1.0,569.158001838289
486,64,43,1.0,570.158001838289
487,64,44,1.0,571.158001838289
488,63,44,1.0,572.158001838289
489,63,46,2.0,574.158001838289
490,63,47,1.0,575.158001838289
491,62,47,1.0,576.158001838289
492,62,46,1.0,577.158001838289
493,61,46,1.0,578.158001838289
494,61,45,1.0,579.158001838289
495,61,47,2.0,581.158001838289
496,64,47,3.0,584.158001838289
497,65,47,1.0,585.158001838289
498,65,46,1.0,586.158001838289
499,64,46,1.0,587.158001838289
500,63,41,5.0990195135927845,592.2570213518818
501,61,40,2.23606797749979,594.4930893293816
502,57,44,5.656854249492381,600.1499435788741
503,49,44,8.0,608.1499435788741
504,52,31,13.341664064126334,621.4916076430004
505,53,31,1.0,622.4916076430004
506,61,48,18.788294228055936,641.2799018710564
507,62,48,1.0,642.2799018710564
508,62,49,1.0,643.2799018710564
509,63,49,1.0,644.2799018710564
510,64,49,1.0,645.2799018710564
511,64,48,1.0,646.2799018710564
512,65,48,1.0,647.2799018710564
513,66,48,1.0,648.2799018710564
514,66,49,1.0,649.2799018710564
515,67,49,1.0,650.2799018710564
516,67,50,1.0,651.2799018710564
517,66,50,1.0,652.2799018710564
518,66,51,1.0,653.2799018710564
519,67,51,1.0,654.2799018710564
520,67,52,1.0,655.2799018710564
521,66,52,1.0,656.2799018710564
522,66,53,1.0,657.2799018710564
523,66,54,1.0,658.2799018710564
524,67,54,1.0,659.2799018710564
525,68,54,1.0,660.2799018710564
526,69,54,1.0,661.2799018710564
527,69,55,1.0,662.2799018710564
528,68,55,1.0,663.2799018710564
529,68,56,1.0,664.2799018710564
530,67,56,1.0,665.2799018710564
531,66,56,1.0,666.2799018710564
532,66,55,1.0,667.2799018710564
533,65,55,1.0,668.2799018710564
534,65,54,1.0,669.2799018710564
535,65,53,1.0,670.2799018710564
536,65,52,1.0,671.2799018710564
537,65,51,1.0,672.2799018710564
538,65,50,1.0,673.2799018710564
539,65,49,1.0,674.2799018710564
540,64,50,1.4142135623730951,675.6941154334295
541,64,51,1.0,676.6941154334295
542,64,52,1.0,677.6941154334295
543,63,52,1.0,678.6941154334295
544,62,52,1.0,679.6941154334295
545,62,53,1.0,680.6941154334295
546,61,53,1.0,681.6941154334295
547,61,52,1.0,682.6941154334295
548,61,51,1.0,683.6941154334295
549,61,50,1.0,684.6941154334295
550,62,50,1.0,685.6941154334295
551,62,51,1.0,686.6941154334295
552,63,51,1.0,687.6941154334295
553,63,50,1.0,688.6941154334295
554,63,48,2.0,690.6941154334295
555,61,49,2.23606797749979,692.9301834109293
556,63,53,4.47213595499958,697.4023193659289
557,63,54,1.0,698.4023193659289
558,62,54,1.0,699.4023193659289
559,62,55,1.0,700.4023193659289
560,61,55,1.0,701.4023193659289
561,61,54,1.0,702.4023193659289
562,61,56,2.0,704.4023193659289
563,62,56,1.0,705.4023193659289
564,63,56,1.0,706.4023193659289
565,64,56,1.0,707.4023193659289
566,64,55,1.0,708.4023193659289
567,64,54,1.0,709.4023193659289
568,64,53,1.0,710.4023193659289
569,63,55,2.23606797749979,712.6383873434287
570,63,57,2.0,714.6383873434287
571,62,57,1.0,715.6383873434287
572,61,57,1.0,716.6383873434287
573,61,58,1.0,717.6383873434287
574,62,58,1.0,718.6383873434287
575,62,59,1.0,719.6383873434287
576,62,60,1.0,720.6383873434287
577,61,60,1.0,721.6383873434287
578,61,59,1.0,722.6383873434287
579,61,61,2.0,724.6383873434287
580,62,61,1.0,725.6383873434287
581,63,61,1.0,726.6383873434287
582,64,61,1.0,727.6383873434287
583,65,61,1.0,728.6383873434287
584,66,61,1.0,729.6383873434287
585,66,60,1.0,730.6383873434287
586,66,59,1.0,731.6383873434287
587,67,59,1.0,732.6383873434287
588,67,58,1.0,733.6383873434287
589,66,58,1.0,734.6383873434287
590,66,57,1.0,735.6383873434287
591,65,57,1.0,736.6383873434287
592,65,56,1.0,737.6383873434287
593,64,57,1.4142135623730951,739.0526009058018
594,64,58,1.0,740.0526009058018
595,65,58,1.0,741.0526009058018
596,65,59,1.0,742.0526009058018
597,64,59,1.0,743.0526009058018
598,64,60,1.0,744.0526009058018
599,65,60,1.0,745.0526009058018
600,65,62,2.0,747.0526009058018
601,66,62,1.0,748.0526009058018
602,66,63,1.0,749.0526009058018
603,67,63,1.0,750.0526009058018
604,68,63,1.0,751.0526009058018
605,68,62,1.0,752.0526009058018
606,69,62,1.0,753.0526009058018
607,69,61,1.0,754.0526009058018
608,69,60,1.0,755.0526009058018
609,69,59,1.0,756.0526009058018
610,69,58,1.0,757.0526009058018
611,69,57,1.0,758.0526009058018
612,69,56,1.0,759.0526009058018
613,68,57,1.4142135623730951,760.4668144681749
614,68,58,1.0,761.4668144681749
615,68,59,1.0,762.4668144681749
616,68,60,1.0,763.4668144681749
617,68,61,1.0,764.4668144681749
618,67,61,1.0,765.4668144681749
619,67,60,1.0,766.4668144681749
620,67,62,2.0,768.4668144681749
621,67,64,2.0,770.4668144681749
622,66,64,1.0,771.4668144681749
623,65,64,1.0,772.4668144681749
624,65,63,1.0,773.4668144681749
625,64,63,1.0,774.4668144681749
626,63,63,1.0,775.4668144681749
627,62,63,1.0,776.4668144681749
628,62,62,1.0,777.4668144681749
629,61,62,1.0,778.4668144681749
630,61,63,1.0,779.4668144681749
631,61,64,1.0,780.4668144681749
632,62,64,1.0,781.4668144681749
633,62,65,1.0,782.4668144681749
634,61,65,1.0,783.4668144681749
635,61,66,1.0,784.4668144681749
636,62,66,1.0,785.4668144681749
637,62,67,1.0,786.4668144681749
638,61,67,1.0,787.4668144681749
639,61,68,1.0,788.4668144681749
640,62,68,1.0,789.4668144681749
641,63,68,1.0,790.4668144681749
642,64,68,1.0,791.4668144681749
643,64,67,1.0,792.4668144681749
644,64,66,1.0,793.4668144681749
645,65,66,1.0,794.4668144681749
646,66,66,1.0,795.4668144681749
647,66,65,1.0,796.4668144681749
648,67,65,1.0,797.4668144681749
649,68,65,1.0,798.4668144681749
650,68,64,1.0,799.4668144681749
651,69,64,1.0,800.4668144681749
652,69,63,1.0,801.4668144681749
653,69,65,2.0,803.4668144681749
654,69,66,1.0,804.4668144681749
655,69,67,1.0,805.4668144681749
656,68,67,1.0,806.4668144681749
657,68,66,1.0,807.4668144681749
658,67,66,1.0,808.4668144681749
659,67,67,1.0,809.4668144681749
660,67,68,1.0,810.4668144681749
661,66,68,1.0,811.4668144681749
662,65,68,1.0,812.4668144681749
663,65,67,1.0,813.4668144681749
664,66,67,1.0,814.4668144681749
665,68,68,2.23606797749979,816.7028824456747
666,69,68,1.0,817.7028824456747
667,65,65,5.0,822.7028824456747
668,64,65,1.0,823.7028824456747
669,64,64,1.0,824.7028824456747
670,63,64,1.0,825.7028824456747
671,63,65,1.0,826.7028824456747
672,63,66,1.0,827.7028824456747
673,63,67,1.0,828.7028824456747
674,63,62,5.0,833.7028824456747
675,64,62,1.0,834.7028824456747
676,63,60,2.23606797749979,836.9389504231746
677,63,59,1.0,837.9389504231746
678,63,58,1.0,838.9389504231746
679,67,57,4.123105625617661,843.0620560487922
680,67,55,2.0,845.0620560487922
681,67,53,2.0,847.0620560487922
682,68,53,1.0,848.0620560487922
683,68,52,1.0,849.0620560487922
684,69,52,1.0,850.0620560487922
685,69,51,1.0,851.0620560487922
686,68,51,1.0,852.0620560487922
687,68,50,1.0,853.0620560487922
688,69,53,3.1622776601683795,856.2243337089606
689,48,53,21.0,877.2243337089606
690,47,53,1.0,878.2243337089606
691,47,52,1.0,879.2243337089606
692,47,51,1.0,880.2243337089606
693,48,51,1.0,881.2243337089606
694,48,52,1.0,882.2243337089606
695,48,54,2.0,884.2243337089606
696,47,54,1.0,885.2243337089606
697,47,55,1.0,886.2243337089606
698,47,56,1.0,887.2243337089606
699,48,56,1.0,888.2243337089606
700,48,55,1.0,889.2243337089606
701,46,55,2.0,891.2243337089606
702,46,54,1.0,892.2243337089606
703,46,53,1.0,893.2243337089606
704,46,52,1.0,894.2243337089606
705,46,51,1.0,895.2243337089606
706,45,51,1.0,896.2243337089606
707,44,51,1.0,897.2243337089606
708,43,51,1.0,898.2243337089606
709,43,52,1.0,899.2243337089606
710,43,53,1.0,900.2243337089606
711,43,54,1.0,901.2243337089606
712,44,54,1.0,902.2243337089606
713,44,53,1.0,903.2243337089606
714,45,53,1.0,904.2243337089606
715,45,52,1.0,905.2243337089606
716,44,52,1.0,906.2243337089606
717,42,52,2.0,908.2243337089606
718,42,53,1.0,909.2243337089606
719,42,54,1.0,910.2243337089606
720,42,55,1.0,911.2243337089606
721,43,55,1.0,912.2243337089606
722,43,56,1.0,913.2243337089606
723,44,56,1.0,914.2243337089606
724,44,55,1.0,915.2243337089606
725,45,55,1.0,916.2243337089606
726,45,54,1.0,917.2243337089606
727,45,56,2.0,919.2243337089606
728,46,56,1.0,920.2243337089606
729,46,57,1.0,921.2243337089606
730,47,57,1.0,922.2243337089606
731,47,58,1.0,923.2243337089606
732,48,58,1.0,924.2243337089606
733,48,57,1.0,925.2243337089606
734,48,59,2.0,927.2243337089606
735,47,59,1.0,928.2243337089606
736,46,59,1.0,929.2243337089606
737,46,60,1.0,930.2243337089606
738,45,60,1.0,931.2243337089606
739,45,59,1.0,932.2243337089606
740,45,58,1.0,933.2243337089606
741,45,57,1.0,934.2243337089606
742,44,57,1.0,935.2243337089606
743,43,57,1.0,936.2243337089606
744,43,58,1.0,937.2243337089606
745,43,59,1.0,938.2243337089606
746,43,60,1.0,939.2243337089606
747,43,61,1.0,940.2243337089606
748,43,62,1.0,941.2243337089606
749,43,63,1.0,942.2243337089606
750,44,63,1.0,943.2243337089606
751,44,62,1.0,944.2243337089606
752,45,62,1.0,945.2243337089606
753,46,62,1.0,946.2243337089606
754,47,62,1.0,947.2243337089606
755,47,61,1.0,948.2243337089606
756,46,61,1.0,949.2243337089606
757,45,61,1.0,950.2243337089606
758,44,61,1.0,951.2243337089606
759,44,60,1.0,952.2243337089606
760,44,59,1.0,953.2243337089606
761,44,58,1.0,954.2243337089606
762,42,58,2.0,956.2243337089606
763,41,58,1.0,957.2243337089606
764,40,58,1.0,958.2243337089606
765,40,59,1.0,959.2243337089606
766,39,59,1.0,960.2243337089606
767,39,58,1.0,961.2243337089606
768,39,57,1.0,962.2243337089606
769,39,56,1.0,963.2243337089606
770,40,56,1.0,964.2243337089606
771,40,55,1.0,965.2243337089606
772,40,54,1.0,966.2243337089606
773,39,54,1.0,967.2243337089606
774,39,55,1.0,968.2243337089606
775,38,55,1.0,969.2243337089606
776,38,54,1.0,970.2243337089606
777,38,53,1.0,971.2243337089606
778,39,53,1.0,972.2243337089606
779,39,52,1.0,973.2243337089606
780,40,52,1.0,974.2243337089606
781,41,52,1.0,975.2243337089606
782,41,53,1.0,976.2243337089606
783,40,53,1.0,977.2243337089606
784,41,54,1.4142135623730951,978.6385472713337
785,41,55,1.0,979.6385472713337
786,41,56,1.0,980.6385472713337
787,42,56,1.0,981.6385472713337
788,42,57,1.0,982.6385472713337
789,41,57,1.0,983.6385472713337
790,40,57,1.0,984.6385472713337
791,38,57,2.0,986.6385472713337
792,38,58,1.0,987.6385472713337
793,38,59,1.0,988.6385472713337
794,38,60,1.0,989.6385472713337
795,39,60,1.0,990.6385472713337
796,39,61,1.0,991.6385472713337
797,40,61,1.0,992.6385472713337
798,40,60,1.0,993.6385472713337
799,41,60,1.0,994.6385472713337
800,42,60,1.0,995.6385472713337
801,42,59,1.0,996.6385472713337
802,41,59,1.0,997.6385472713337
803,41,61,2.0,999.6385472713337
804,42,61,1.0,1000.6385472713337
805,42,62,1.0,1001.6385472713337
806,42,63,1.0,1002.6385472713337
807,42,64,1.0,1003.6385472713337
808,43,64,1.0,1004.6385472713337
809,43,65,1.0,1005.6385472713337
810,43,66,1.0,1006.6385472713337
811,43,67,1.0,1007.6385472713337
812,43,68,1.0,1008.6385472713337
813,43,69,1.0,1009.6385472713337
814,43,70,1.0,1010.6385472713337
815,42,70,1.0,1011.6385472713337
816,42,69,1.0,1012.6385472713337
817,42,68,1.0,1013.6385472713337
818,42,67,1.0,1014.6385472713337
819,42,66,1.0,1015.6385472713337
820,42,65,1.0,1016.6385472713337
821,41,65,1.0,1017.6385472713337
822,41,64,1.0,1018.6385472713337
823,41,63,1.0,1019.6385472713337
824,40,63,1.0,1020.6385472713337
825,39,63,1.0,1021.6385472713337
826,39,62,1.0,1022.6385472713337
827,38,62,1.0,1023.6385472713337
828,38,61,1.0,1024.6385472713337
829,38,63,2.0,1026.6385472713337
830,38,64,1.0,1027.6385472713337
831,39,64,1.0,1028.6385472713337
832,39,65,1.0,1029.6385472713337
833,39,66,1.0,1030.6385472713337
834,40,66,1.0,1031.6385472713337
835,40,65,1.0,1032.6385472713337
836,40,64,1.0,1033.6385472713337
837,40,62,2.0,1035.6385472713337
838,41,62,1.0,1036.6385472713337
839,44,64,3.605551275463989,1040.2440985467977
840,45,64,1.0,1041.2440985467977
841,46,64,1.0,1042.2440985467977
842,47,64,1.0,1043.2440985467977
843,47,63,1.0,1044.2440985467977
844,48,63,1.0,1045.2440985467977
845,48,62,1.0,1046.2440985467977
846,48,61,1.0,1047.2440985467977
847,48,60,1.0,1048.2440985467977
848,47,60,1.0,1049.2440985467977
849,46,58,2.23606797749979,1051.4801665242974
850,46,63,5.0,1056.4801665242974
851,45,63,1.0,1057.4801665242974
852,45,65,2.0,1059.4801665242974
853,46,65,1.0,1060.4801665242974
854,47,65,1.0,1061.4801665242974
855,48,65,1.0,1062.4801665242974
856,48,64,1.0,1063.4801665242974
857,48,66,2.0,1065.4801665242974
858,47,66,1.0,1066.4801665242974
859,46,66,1.0,1067.4801665242974
860,46,67,1.0,1068.4801665242974
861,45,67,1.0,1069.4801665242974
862,45,66,1.0,1070.4801665242974
863,44,66,1.0,1071.4801665242974
864,44,65,1.0,1072.4801665242974
865,44,67,2.0,1074.4801665242974
866,44,68,1.0,1075.4801665242974
867,45,68,1.0,1076.4801665242974
868,46,68,1.0,1077.4801665242974
869,47,68,1.0,1078.4801665242974
870,47,67,1.0,1079.4801665242974
871,48,67,1.0,1080.4801665242974
872,48,68,1.0,1081.4801665242974
873,48,69,1.0,1082.4801665242974
874,47,69,1.0,1083.4801665242974
875,47,70,1.0,1084.4801665242974
876,46,70,1.0,1085.4801665242974
877,46,69,1.0,1086.4801665242974
878,45,69,1.0,1087.4801665242974
879,44,69,1.0,1088.4801665242974
880,44,70,1.0,1089.4801665242974
881,45,70,1.0,1090.4801665242974
882,48,70,3.0,1093.4801665242974
883,41,70,7.0,1100.4801665242974
884,40,70,1.0,1101.4801665242974
885,39,70,1.0,1102.4801665242974
886,39,69,1.0,1103.4801665242974
887,39,68,1.0,1104.4801665242974
888,40,68,1.0,1105.4801665242974
889,40,67,1.0,1106.4801665242974
890,39,67,1.0,1107.4801665242974
891,38,67,1.0,1108.4801665242974
892,38,66,1.0,1109.4801665242974
893,38,65,1.0,1110.4801665242974
894,38,68,3.0,1113.4801665242974
895,38,69,1.0,1114.4801665242974
896,38,70,1.0,1115.4801665242974
897,40,69,2.23606797749979,1117.716234501797
898,41,69,1.0,1118.716234501797
899,41,68,1.0,1119.716234501797
900,41,67,1.0,1120.716234501797
901,41,66,1.0,1121.716234501797
902,38,56,10.44030650891055,1132.1565410107075
903,38,52,4.0,1136.1565410107075
904,66,47,28.442925306655784,1164.5994663173633
905,66,46,1.0,1165.5994663173633
906,66,45,1.0,1166.5994663173633
907,67,45,1.0,1167.5994663173633
908,67,46,1.0,1168.5994663173633
909,68,46,1.0,1169.5994663173633
910,68,45,1.0,1170.5994663173633
911,68,44,1.0,1171.5994663173633
912,68,43,1.0,1172.5994663173633
913,68,42,1.0,1173.5994663173633
914,68,41,1.0,1174.5994663173633
915,68,40,1.0,1175.5994663173633
916,69,40,1.0,1176.5994663173633
917,69,39,1.0,1177.5994663173633
918,70,39,1.0,1178.5994663173633
919,70,38,1.0,1179.5994663173633
920,70,37,1.0,1180.5994663173633
921,69,37,1.0,1181.5994663173633
922,68,37,1.0,1182.5994663173633
923,67,37,1.0,1183.5994663173633
924,67,36,1.0,1184.5994663173633
925,66,36,1.0,1185.5994663173633
926,66,35,1.0,1186.5994663173633
927,66,34,1.0,1187.5994663173633
928,67,34,1.0,1188.5994663173633
929,67,33,1.0,1189.5994663173633
930,68,33,1.0,1190.5994663173633
931,69,33,1.0,1191.5994663173633
932,69,34,1.0,1192.5994663173633
933,69,35,1.0,1193.5994663173633
934,68,35,1.0,1194.5994663173633
935,68,36,1.0,1195.5994663173633
936,69,36,1.0,1196.5994663173633
937,70,36,1.0,1197.5994663173633
938,70,35,1.0,1198.5994663173633
939,70,34,1.0,1199.5994663173633
940,70,33,1.0,1200.5994663173633
941,70,32,1.0,1201.5994663173633
942,69,32,1.0,1202.5994663173633
943,69,31,1.0,1203.5994663173633
944,69,30,1.0,1204.5994663173633
945,68,30,1.0,1205.5994663173633
946,67,30,1.0,1206.5994663173633
947,67,31,1.0,1207.5994663173633
948,66,31,1.0,1208.5994663173633
949,66,32,1.0,1209.5994663173633
950,67,32,1.0,1210.5994663173633
951,68,32,1.0,1211.5994663173633
952,68,31,1.0,1212.5994663173633
953,70,31,2.0,1214.5994663173633
954,70,30,1.0,1215.5994663173633
955,66,30,4.0,1219.5994663173633
956,65,30,1.0,1220.5994663173633
957,66,33,3.1622776601683795,1223.7617439775318
958,68,34,2.23606797749979,1225.9978119550315
959,67,35,1.4142135623730951,1227.4120255174046
960,66,37,2.23606797749979,1229.6480934949043
961,66,38,1.0,1230.6480934949043
962,66,39,1.0,1231.6480934949043
963,67,39,1.0,1232.6480934949043
964,67,38,1.0,1233.6480934949043
965,68,38,1.0,1234.6480934949043
966,68,39,1.0,1235.6480934949043
967,67,40,1.4142135623730951,1237.0623070572774
968,66,40,1.0,1238.0623070572774
969,66,41,1.0,1239.0623070572774
970,66,42,1.0,1240.0623070572774
971,67,42,1.0,1241.0623070572774
972,67,43,1.0,1242.0623070572774
973,66,43,1.0,1243.0623070572774
974,66,44,1.0,1244.0623070572774
975,67,44,1.0,1245.0623070572774
976,69,44,2.0,1247.0623070572774
977,70,44,1.0,1248.0623070572774
978,70,43,1.0,1249.0623070572774
979,70,42,1.0,1250.0623070572774
980,69,42,1.0,1251.0623070572774
981,69,43,1.0,1252.0623070572774
982,69,45,2.0,1254.0623070572774
983,69,46,1.0,1255.0623070572774
984,69,47,1.0,1256.0623070572774
985,69,48,1.0,1257.0623070572774
986,68,48,1.0,1258.0623070572774
987,68,47,1.0,1259.0623070572774
988,67,47,1.0,1260.0623070572774
989,67,48,1.0,1261.0623070572774
990,68,49,1.4142135623730951,1262.4765206196505
991,69,49,1.0,1263.4765206196505
992,69,50,1.0,1264.4765206196505
993,70,47,3.1622776601683795,1267.638798279819
994,70,46,1.0,1268.638798279819
995,70,45,1.0,1269.638798279819
996,70,41,4.0,1273.638798279819
997,69,41,1.0,1274.638798279819
998,70,40,1.4142135623730951,1276.053011842192
999,69,38,2.23606797749979,1278.2890798196918
1000,67,41,3.605551275463989,1281.8946310951558
