timestamp,chisel_pink_1_x,chisel_pink_1_y,chisel_pink_2_x,chisel_pink_2_y,hammer_yellow_x,hammer_yellow_y,chisel_pink_1_confidence,chisel_pink_2_confidence,hammer_yellow_confidence,gyro_x,gyro_y,gyro_z,accel_x,accel_y,accel_z
1738061295.9164543,,,,,0,0,,,0,,,,,,
1738061297.072678,,,,,0,0,,,0,,,,,,
1738061298.1842403,,,,,0,0,,,0,,,,,,
1738061298.4352982,,,,,0,0,,,0,,,,,,
1738061298.4820542,,,,,0,0,,,0,,,,,,
1738061298.5282538,,,,,0,0,,,0,,,,,,
1738061298.619645,,,,,0,0,170,165,1,,,,,,
1738061298.651683,,,,,0,0,179,168,1,,,,,,
1738061298.6775913,,,,,0,0,189,172,1,,,,,,
1738061298.7121437,,,,,0,0,201,180,1,,,,,,
1738061298.742741,,,,,0,0,236,195,1,,,,,,
1738061298.7683225,,,,,0,0,255,211,1,,,,,,
1738061298.834225,,,,,0,0,270,225,1,,,,,,
1738061298.8561146,,,,,0,0,285,242,1,,,,,,
1738061298.8894012,,,,,0,0,301,261,1,,,,,,
1738061298.9264636,,,,,0,0,314,275,1,,,,,,
1738061298.9678254,,,,,0,0,328,281,1,,,,,,
1738061299.0158246,,,,,0,0,341,281,1,,,,,,
1738061299.0676208,,,,,0,0,349,280,1,,,,,,
1738061299.1155763,,,,,0,0,356,278,1,,,,,,
1738061299.1677325,,,,,0,0,359,275,1,,,,,,
1738061299.2158263,,,,,0,0,363,270,1,,,,,,
1738061299.2677484,,,,,0,0,364,264,1,,,,,,
1738061299.3155725,,,,,0,0,362,259,1,,,,,,
1738061299.3676636,,,,,0,0,362,254,1,,,,,,
1738061299.4157326,,,,,0,0,361,249,1,,,,,,
1738061299.4676542,,,,,0,0,359,244,1,,,,,,
1738061299.515564,,,,,0,0,358,238,1,,,,,,
1738061299.5677543,,,,,0,0,357,234,1,,,,,,
1738061299.6156728,,,,,0,0,354,230,1,,,,,,
1738061299.667883,,,,,0,0,352,226,1,,,,,,
1738061299.737702,,,,,0,0,348,221,1,,,,,,
1738061299.769339,,,,,0,0,346,216,1,,,,,,
1738061299.8586295,,,,,0,0,342,211,1,,,,,,
1738061299.8845663,,,,,0,0,337,206,1,,,,,,
1738061299.9154162,,,,,0,0,334,203,1,,,,,,
1738061299.969492,,,,,0,0,331,199,1,,,,,,
1738061300.0159721,,,,,0,0,328,198,1,,,,,,
1738061300.067764,,,,,0,0,326,196,1,,,,,,
1738061300.1157131,,,,,0,0,323,193,1,,,,,,
1738061300.1678026,,,,,0,0,320,189,1,,,,,,
1738061300.216136,,,,,0,0,315,186,1,,,,,,
1738061300.268164,,,,,0,0,312,183,1,,,,,,
1738061300.31576,,,,,0,0,308,181,1,,,,,,
1738061300.368072,,,,,0,0,304,180,1,,,,,,
1738061300.4740617,,,,,0,0,300,180,1,,,,,,
1738061300.5130117,,,,,0,0,298,179,1,,,,,,
1738061300.5792027,,,,,0,0,296,179,1,,,,,,
1738061300.629293,,,,,0,0,295,179,1,,,,,,
1738061300.6703207,,,,,0,0,294,182,1,,,,,,
1738061300.692375,,,,,0,0,293,183,1,,,,,,
1738061300.7156682,,,,,0,0,291,184,1,,,,,,
1738061300.767744,,,,,0,0,286,186,1,,,,,,
1738061300.8156853,,,,,0,0,277,187,1,,,,,,
1738061300.8676946,,,,,0,0,270,186,1,,,,,,
1738061300.9477255,,,,,0,0,261,185,1,,,,,,
1738061300.9881527,,,,,0,0,253,183,1,,,,,,
1738061301.0156069,,,,,0,0,247,183,1,,,,,,
1738061301.0695257,,,,,0,0,243,182,1,,,,,,
1738061301.11605,,,,,0,0,239,182,1,,,,,,
1738061301.194403,,,,,0,0,237,182,1,,,,,,
1738061301.2247536,,,,,0,0,237,181,1,,,,,,
1738061301.2677004,,,,,0,0,236,180,1,,,,,,
1738061301.3196971,,,,,0,0,242,181,1,,,,,,
1738061301.367622,,,,,0,0,246,181,1,,,,,,
1738061301.4786217,,,,,0,0,253,182,1,,,,,,
1738061301.5047042,,,,,0,0,258,182,1,,,,,,
1738061301.5232842,,,,,0,0,262,181,1,,,,,,
1738061301.567679,,,,,0,0,265,181,1,,,,,,
1738061301.619783,,,,,0,0,269,182,1,,,,,,
1738061301.6786747,,,,,0,0,275,184,1,,,,,,
1738061301.7194376,,,,,0,0,282,186,1,,,,,,
1738061301.7676167,,,,,0,0,289,190,1,,,,,,
1738061301.8195674,,,,,0,0,295,194,1,,,,,,
1738061301.8677647,,,,,0,0,302,197,1,,,,,,
1738061301.9266548,,,,,0,0,309,200,1,,,,,,
1738061302.0113838,,,,,0,0,315,202,1,,,,,,
1738061302.1023638,,,,,0,0,320,204,1,,,,,,
1738061302.1332283,,,,,0,0,324,205,1,,,,,,
1738061302.1655898,,,,,0,0,329,206,1,,,,,,
1738061302.2271152,,,,,0,0,334,207,1,,,,,,
1738061302.255738,,,,,0,0,340,207,1,,,,,,
1738061302.2772667,,,,,0,0,349,208,1,,,,,,
1738061302.8491404,,,,,0,0,358,206,1,,,,,,
1738061302.938821,,,,,0,0,365,208,1,,,,,,
1738061303.0113125,,,,,0,0,374,207,1,,,,,,
1738061303.1161053,,,,,0,0,380,203,1,,,,,,
1738061303.1592612,,,,,0,0,342,182,1,,,,,,
1738061303.651156,,,,,0,0,333,182,1,,,,,,
1738061303.9658258,,,,,0,0,315,178,1,,,,,,
1738061303.9873292,,,,,0,0,312,194,1,,,,,,
1738061304.0149667,,,,,0,0,312,199,1,,,,,,
1738061304.0414755,,,,,0,0,278,214,1,,,,,,
1738061304.0659783,,,,,0,0,225,277,1,,,,,,
1738061304.090392,,,,,0,0,221,288,1,,,,,,
1738061304.1196988,,,,,0,0,220,297,1,,,,,,
1738061304.2664042,,,,,0,0,222,295,1,,,,,,
1738061304.502746,,,,,0,0,229,282,1,,,,,,
1738061304.6297345,,,,,0,0,238,270,1,,,,,,
1738061304.6756866,,,,,0,0,256,247,1,,,,,,
1738061304.693012,,,,,0,0,269,235,1,,,,,,
1738061304.7135887,,,,,0,0,335,205,1,,,,,,
1738061304.751418,,,,,0,0,377,211,1,,,,,,
1738061305.0819783,,,,,0,0,403,222,1,,,,,,
1738061305.3387344,,,,,0,0,418,226,1,,,,,,
1738061305.5018709,,,,,0,0,,,0,,,,,,
1738061305.5245817,,,,,0,0,,,0,,,,,,
1738061305.5645943,,,,,0,0,,,0,,,,,,
1738061305.624421,,,,,0,0,343,202,1,,,,,,
1738061305.684121,,,,,0,0,,,0,,,,,,
1738061305.7247558,,,,,0,0,196,244,1,,,,,,
1738061305.8149517,,,,,0,0,192,243,1,,,,,,
1738061305.8687613,,,,,0,0,193,244,1,,,,,,
1738061305.905649,,,,,0,0,192,238,1,,,,,,
1738061305.939287,,,,,0,0,195,237,1,,,,,,
1738061305.9630868,,,,,0,0,196,238,1,,,,,,
1738061306.0236037,,,,,0,0,198,236,1,,,,,,
1738061306.0696244,,,,,0,0,201,232,1,,,,,,
1738061306.1171713,,,,,0,0,220,228,1,,,,,,
1738061306.1574502,,,,,0,0,232,217,1,,,,,,
1738061306.2172232,,,,,0,0,252,213,1,,,,,,
1738061306.250595,,,,,0,0,270,209,1,,,,,,
1738061306.2688773,,,,,0,0,292,207,1,,,,,,
1738061306.3546953,,,,,0,0,315,206,1,,,,,,
1738061306.3880363,,,,,0,0,337,209,1,,,,,,
1738061306.4956024,,,,,0,0,359,216,1,,,,,,
1738061306.5247023,,,,,0,0,383,227,1,,,,,,
1738061306.633068,,,,,0,0,405,238,1,,,,,,
1738061306.660492,,,,,0,0,170,428,1,,,,,,
1738061307.0274622,,,,,0,0,171,429,1,,,,,,
1738061307.1295867,,,,,0,0,170,429,1,,,,,,
1738061307.2305045,,,,,0,0,508,332,1,,,,,,
1738061307.2492266,,,,,0,0,514,347,1,,,,,,
1738061307.2693639,,,,,0,0,494,336,1,,,,,,
1738061307.3236191,,,,,0,0,486,347,1,,,,,,
1738061307.372532,,,,,0,0,478,356,1,,,,,,
1738061307.4416878,,,,,0,0,475,362,1,,,,,,
1738061307.4663403,,,,,0,0,477,370,1,,,,,,
1738061307.4879293,,,,,0,0,476,371,1,,,,,,
1738061307.529177,,,,,0,0,478,365,1,,,,,,
1738061307.5536828,,,,,0,0,476,360,1,,,,,,
1738061307.5842228,,,,,0,0,471,353,1,,,,,,
1738061307.6314566,,,,,0,0,467,351,1,,,,,,
1738061307.6717033,,,,,0,0,469,348,1,,,,,,
1738061307.7235346,,,,,0,0,476,348,1,,,,,,
1738061307.7717557,,,,,0,0,483,346,1,,,,,,
1738061307.8237767,,,,,0,0,492,345,1,,,,,,
1738061307.8718357,,,,,0,0,498,345,1,,,,,,
1738061307.9236119,,,,,0,0,503,342,1,,,,,,
1738061307.9715738,196,263,,,1,0,508,341,1,,,,,,
1738061308.0564053,209,267,193,261,1,1,513,340,1,,,,,,
1738061308.1104946,213,271,,,1,0,514,341,1,,,,,,
1738061308.16347,219,276,,,1,0,513,342,1,,,,,,
1738061308.1928174,219,276,,,1,0,513,342,1,,,,,,
1738061308.2245386,223,278,,,1,0,511,342,1,,,,,,
1738061308.2716956,222,277,,,1,0,509,341,1,,,,,,
1738061308.3242512,222,277,,,1,0,504,338,1,,,,,,
1738061308.3717487,222,277,,,1,0,503,337,1,,,,,,
1738061308.4241152,224,279,,,1,0,501,337,1,,,,,,
1738061308.4720597,225,282,,,1,0,502,338,1,,,,,,
1738061308.5239074,224,283,,,1,0,502,340,1,,,,,,
1738061308.5760868,225,284,,,1,0,503,340,1,,,,,,
1738061308.6235607,225,285,,,1,0,503,340,1,,,,,,
1738061308.6780763,223,285,,,1,0,502,339,1,,,,,,
1738061308.7237298,222,285,,,1,0,501,337,1,,,,,,
1738061308.772024,222,285,,,1,0,500,337,1,,,,,,
1738061308.8237464,217,280,,,1,0,499,337,1,,,,,,
1738061308.8724382,225,279,217,277,1,1,499,338,1,,,,,,
1738061308.925417,216,276,,,1,0,498,337,1,,,,,,
1738061309.0872686,216,284,,,1,0,497,338,1,,,,,,
1738061309.1187718,213,297,,,1,0,497,337,1,,,,,,
1738061309.139662,208,289,,,1,0,495,337,1,,,,,,
1738061309.1885612,,,,,0,0,493,336,1,,,,,,
1738061309.2300832,,,,,0,0,490,335,1,,,,,,
1738061309.2736318,,,,,0,0,490,335,1,,,,,,
1738061309.2952933,,,,,0,0,487,333,1,,,,,,
1738061309.3640907,,,,,0,0,487,333,1,,,,,,
1738061309.3836308,,,,,0,0,485,333,1,,,,,,
1738061309.4236364,,,,,0,0,485,332,1,,,,,,
1738061309.4715352,222,325,,,1,0,486,332,1,,,,,,
1738061309.523924,228,314,,,1,0,485,333,1,,,,,,
1738061309.5716865,236,303,,,1,0,485,333,1,,,,,,
1738061309.6260867,247,296,,,1,0,485,336,1,,,,,,
1738061309.6717677,259,287,,,1,0,485,334,1,,,,,,
1738061309.7236686,272,278,,,1,0,481,332,1,,,,,,
1738061309.7717795,288,273,,,1,0,478,331,1,,,,,,
1738061309.8238788,304,270,,,1,0,474,331,1,,,,,,
1738061309.8919742,320,263,,,1,0,476,332,1,,,,,,
1738061309.92361,341,259,,,1,0,475,333,1,,,,,,
1738061309.9716763,360,263,,,1,0,475,334,1,,,,,,
1738061310.0236697,382,272,,,1,0,475,334,1,,,,,,
1738061310.0760324,400,282,,,1,0,476,335,1,,,,,,
1738061310.157542,413,289,158,137,1,1,477,336,1,,,,,,
1738061310.247754,423,287,,,1,0,477,337,1,,,,,,
1738061310.301169,429,278,173,143,1,1,477,339,1,,,,,,
1738061310.3241384,432,271,178,136,1,1,478,341,1,,,,,,
1738061310.3560553,432,267,183,130,1,1,479,341,1,,,,,,
1738061310.3867612,425,254,182,131,1,1,480,342,1,,,,,,
1738061310.4236717,427,240,171,145,1,1,479,341,1,,,,,,
1738061310.517144,156,161,427,226,1,1,479,341,1,,,,,,
1738061310.5355206,429,216,149,179,1,1,478,341,1,,,,,,
1738061310.6065242,426,211,,,1,0,477,339,1,,,,,,
1738061310.6573617,425,210,140,207,1,1,475,339,1,,,,,,
1738061310.7306597,426,215,144,210,1,1,475,340,1,,,,,,
1738061310.764153,151,200,424,231,1,1,474,340,1,,,,,,
1738061310.8127484,156,183,163,162,1,1,475,341,1,,,,,,
1738061310.8372066,439,257,169,165,1,1,475,340,1,,,,,,
1738061310.8757827,440,268,184,150,1,1,473,341,1,,,,,,
1738061310.9238513,440,278,198,136,1,1,473,341,1,,,,,,
1738061310.9778872,435,287,,,1,0,472,341,1,,,,,,
1738061311.0241897,428,293,,,1,0,473,340,1,,,,,,
1738061311.076017,425,304,,,1,0,471,340,1,,,,,,
1738061311.1236467,417,311,,,1,0,471,341,1,,,,,,
1738061311.1760151,415,312,,,1,0,471,341,1,,,,,,
1738061311.2236583,417,311,,,1,0,470,343,1,,,,,,
1738061311.275852,421,308,,,1,0,471,342,1,,,,,,
1738061311.3271713,425,308,,,1,0,470,343,1,,,,,,
1738061311.3747032,424,296,,,1,0,470,343,1,,,,,,
1738061311.4237888,433,294,,,1,0,469,341,1,,,,,,
1738061311.4759443,443,287,,,1,0,470,341,1,,,,,,
1738061311.5247335,450,277,,,1,0,470,343,1,,,,,,
1738061311.5756636,452,266,,,1,0,469,343,1,,,,,,
1738061311.6246247,223,118,447,254,1,1,469,342,1,,,,,,
1738061311.6757286,210,136,452,247,1,1,469,341,1,,,,,,
1738061311.7237117,198,154,449,241,1,1,469,341,1,,,,,,
1738061311.775774,192,162,452,235,1,1,469,342,1,,,,,,
1738061311.8237886,183,182,457,232,1,1,469,342,1,,,,,,
1738061311.8755553,179,205,180,189,1,1,469,343,1,,,,,,
1738061311.9235747,176,218,437,229,1,1,469,342,1,,,,,,
1738061311.9756649,175,216,174,198,1,1,469,342,1,,,,,,
1738061312.0245717,176,203,176,188,1,1,469,342,1,,,,,,
1738061312.0757327,176,191,442,241,1,1,469,342,1,,,,,,
1738061312.123933,440,244,179,177,1,1,469,342,1,,,,,,
1738061312.1760507,436,250,182,162,1,1,468,342,1,,,,,,
1738061312.2238963,435,258,188,146,1,1,467,342,1,,,,,,
1738061312.2757123,433,268,197,133,1,1,466,341,1,,,,,,
1738061312.3277833,429,278,207,115,1,1,465,342,1,,,,,,
1738061312.37573,424,290,223,105,1,1,465,342,1,,,,,,
1738061312.4237204,413,295,,,1,0,466,341,1,,,,,,
1738061312.6474652,411,311,,,1,0,464,342,1,,,,,,
1738061312.7523015,405,320,,,1,0,465,343,1,,,,,,
1738061312.7763255,399,330,,,1,0,464,342,1,,,,,,
1738061312.8062875,391,338,,,1,0,463,342,1,,,,,,
1738061312.840325,,,,,0,0,463,343,1,,,,,,
1738061312.8575974,402,353,405,361,1,1,463,343,1,,,,,,
1738061312.9189909,405,345,,,1,0,461,341,1,,,,,,
1738061312.9558754,403,335,,,1,0,456,341,1,,,,,,
1738061312.9755678,395,325,199,160,1,1,450,338,1,,,,,,
1738061313.0253074,383,318,173,173,1,1,442,336,1,,,,,,
1738061313.0767014,367,313,155,190,1,1,436,332,1,,,,,,
1738061313.1241088,351,310,126,202,1,1,426,329,1,,,,,,
1738061313.1757057,332,310,,,1,0,421,326,1,,,,,,
1738061313.2237208,316,314,,,1,0,416,322,1,,,,,,
1738061313.275642,301,320,,,1,0,412,318,1,,,,,,
1738061313.3236175,288,326,,,1,0,405,319,1,,,,,,
1738061313.3756592,278,336,,,1,0,396,321,1,,,,,,
1738061313.4237437,270,343,,,1,0,391,321,1,,,,,,
1738061313.4756603,263,349,,,1,0,384,321,1,,,,,,
1738061313.5236096,258,353,,,1,0,378,323,1,,,,,,
1738061313.575722,253,355,,,1,0,374,323,1,,,,,,
1738061313.623538,251,357,,,1,0,370,322,1,,,,,,
1738061313.6766276,249,358,,,1,0,367,321,1,,,,,,
1738061313.72821,248,358,,,1,0,366,321,1,,,,,,
1738061313.7757895,246,359,,,1,0,364,321,1,,,,,,
1738061313.8275175,246,359,,,1,0,363,321,1,,,,,,
1738061313.8759027,246,359,,,1,0,362,321,1,,,,,,
1738061313.928119,248,360,,,1,0,361,320,1,,,,,,
1738061313.9754689,248,360,,,1,0,359,320,1,,,,,,
1738061314.0280201,250,362,,,1,0,357,320,1,,,,,,
1738061314.0758018,249,363,,,1,0,356,320,1,,,,,,
1738061314.127746,249,366,,,1,0,356,320,1,,,,,,
1738061314.1761074,246,367,,,1,0,354,321,1,,,,,,
1738061314.2280996,245,369,,,1,0,354,320,1,,,,,,
1738061314.2761393,243,369,,,1,0,352,321,1,,,,,,
1738061314.3287876,242,369,,,1,0,352,321,1,,,,,,
1738061314.3761415,240,368,,,1,0,352,321,1,,,,,,
1738061314.4278886,239,367,,,1,0,350,321,1,,,,,,
1738061314.4757645,238,366,,,1,0,350,321,1,,,,,,
1738061314.527967,238,366,,,1,0,350,320,1,,,,,,
1738061314.5762427,239,365,,,1,0,348,321,1,,,,,,
1738061314.6276543,238,365,,,1,0,348,321,1,,,,,,
1738061314.6760163,238,365,,,1,0,348,321,1,,,,,,
1738061314.8006213,239,366,,,1,0,348,321,1,,,,,,
1738061314.8275518,238,365,,,1,0,349,321,1,,,,,,
1738061314.8644297,240,366,,,1,0,350,322,1,,,,,,
1738061314.9076157,241,368,,,1,0,350,321,1,,,,,,
1738061314.9314027,243,368,,,1,0,352,322,1,,,,,,
1738061314.97555,244,369,,,1,0,353,324,1,,,,,,
1738061315.0278604,245,371,,,1,0,354,324,1,,,,,,
1738061315.0755835,246,371,,,1,0,354,324,1,,,,,,
1738061315.1277666,246,371,,,1,0,353,324,1,,,,,,
1738061315.1756873,246,373,,,1,0,353,324,1,,,,,,
1738061315.2293181,245,373,,,1,0,354,324,1,,,,,,
1738061315.2760968,246,372,,,1,0,355,324,1,,,,,,
1738061315.328054,244,367,,,1,0,356,326,1,,,,,,
1738061315.37558,243,357,247,337,1,1,357,326,1,,,,,,
1738061315.4276977,241,343,248,326,1,1,358,327,1,,,,,,
1738061315.4759336,242,329,242,312,1,1,360,327,1,,,,,,
1738061315.5303648,241,322,,,1,0,361,327,1,,,,,,
1738061315.5756042,242,324,,,1,0,363,326,1,,,,,,
1738061315.627826,244,336,242,315,1,1,366,326,1,,,,,,
1738061315.676074,238,348,251,330,1,1,369,326,1,,,,,,
1738061315.727845,229,359,247,343,1,1,373,327,1,,,,,,
1738061315.777529,217,368,227,348,1,1,376,326,1,,,,,,
1738061315.9183109,204,369,,,1,0,379,326,1,,,,,,
1738061315.9612064,198,372,193,369,1,1,380,326,1,,,,,,
1738061315.9982016,,,,,0,0,382,325,1,,,,,,
1738061316.0481555,,,,,0,0,385,322,1,,,,,,
1738061316.137936,155,353,,,1,0,389,320,1,,,,,,
1738061316.1800673,139,352,,,1,0,392,313,1,,,,,,
1738061316.2271326,122,355,,,1,0,393,303,1,,,,,,
1738061316.257459,125,348,,,1,0,390,289,1,,,,,,
1738061316.2807012,111,352,,,1,0,383,277,1,,,,,,
1738061316.3351252,,,,,0,0,374,264,1,,,,,,
1738061316.3575664,,,,,0,0,364,248,1,,,,,,
1738061316.3848739,,,,,0,0,350,236,1,,,,,,
1738061316.4276187,,,,,0,0,331,224,1,,,,,,
1738061316.475598,136,388,,,1,0,305,216,1,,,,,,
1738061316.527726,134,412,,,1,0,271,218,1,,,,,,
1738061316.5756016,135,417,,,1,0,242,229,1,,,,,,
1738061316.6276953,,,,,0,0,219,229,1,,,,,,
1738061316.675732,,,,,0,0,202,236,1,,,,,,
1738061316.7279665,152,426,,,1,0,191,253,1,,,,,,
1738061316.7758253,150,424,,,1,0,163,237,1,,,,,,
1738061316.8277056,153,426,,,1,0,,,0,,,,,,
1738061316.8800046,154,427,164,419,1,1,,,0,,,,,,
1738061316.966366,161,418,149,424,1,1,,,0,,,,,,
1738061316.9957926,161,419,,,1,0,,,0,,,,,,
1738061317.0281024,151,422,,,1,0,,,0,,,,,,
1738061317.0800865,,,,,0,0,,,0,,,,,,
1738061317.26418,,,,,0,0,,,0,,,,,,
1738061317.301828,,,,,0,0,,,0,,,,,,
1738061318.1023524,,,,,0,0,,,0,,,,,,
1738061318.2119052,,,,,0,0,,,0,,,,,,
1738061318.2424524,,,,,0,0,,,0,,,,,,
1738061318.8067582,,,,,0,0,,,0,,,,,,
1738061319.214353,,,,,0,0,,,0,,,,,,
1738061319.6238775,,,,,0,0,,,0,,,,,,
1738061320.0327559,,,,,0,0,45,267,1,,,,,,
1738061320.2480037,,,,,0,0,39,270,1,,,,,,
1738061320.352264,,,,,0,0,40,274,1,,,,,,
1738061320.4411242,,,,,0,0,,,0,,,,,,
1738061320.4851222,,,,,0,0,38,286,1,,,,,,
1738061320.5037878,,,,,0,0,31,289,1,,,,,,
1738061320.5765479,,,,,0,0,33,288,1,,,,,,
1738061320.6672502,,,,,0,0,34,287,1,,,,,,
1738061320.7323415,,,,,0,0,34,287,1,,,,,,
1738061320.8160129,,,,,0,0,34,288,1,,,,,,
1738061320.8632805,,,,,0,0,31,286,1,,,,,,
1738061320.8964145,,,,,0,0,28,293,1,,,,,,
1738061320.9424624,,,,,0,0,24,295,1,,,,,,
1738061320.9964728,,,,,0,0,23,297,1,,,,,,
1738061321.0109677,,,,,0,0,21,296,1,,,,,,
1738061321.0401998,,,,,0,0,22,298,1,,,,,,
1738061321.0613656,,,,,0,0,22,298,1,,,,,,
1738061321.098379,,,,,0,0,22,298,1,,,,,,
1738061321.1644216,,,,,0,0,21,298,1,,,,,,
1738061321.348636,,,,,0,0,21,298,1,,,,,,
1738061321.3867657,,,,,0,0,20,298,1,,,,,,
1738061321.407684,,,,,0,0,19,297,1,,,,,,
1738061321.4746861,,,,,0,0,19,297,1,,,,,,
1738061321.555752,,,,,0,0,17,298,1,,,,,,
1738061321.6334023,,,,,0,0,14,300,1,,,,,,
1738061321.6833677,,,,,0,0,14,301,1,,,,,,
1738061321.7936223,,,,,0,0,7,300,1,,,,,,
1738061321.8394341,,,,,0,0,6,300,1,,,,,,
1738061321.8998845,,,,,0,0,6,305,1,,,,,,
1738061321.927774,,,,,0,0,5,304,1,,,,,,
1738061321.9710414,,,,,0,0,6,302,1,,,,,,
1738061321.9876475,,,,,0,0,6,303,1,,,,,,
1738061322.0202432,,,,,0,0,6,302,1,,,,,,
1738061322.1034539,,,,,0,0,4,299,1,,,,,,
1738061322.1708276,,,,,0,0,5,303,1,,,,,,
1738061322.1999483,,,,,0,0,4,304,1,,,,,,
1738061322.2201343,,,,,0,0,5,304,1,,,,,,
1738061322.2449338,,,,,0,0,5,305,1,,,,,,
1738061322.2890778,,,,,0,0,5,303,1,,,,,,
1738061322.3325334,,,,,0,0,5,302,1,,,,,,
1738061322.3902116,,,,,0,0,5,302,1,,,,,,
1738061322.4317183,,,,,0,0,5,304,1,,,,,,
1738061322.479866,,,,,0,0,5,305,1,,,,,,
1738061322.5320487,,,,,0,0,5,304,1,,,,,,
1738061322.5817776,,,,,0,0,4,302,1,,,,,,
1738061322.631794,,,,,0,0,4,300,1,,,,,,
1738061322.6796405,,,,,0,0,4,300,1,,,,,,
1738061322.8010683,,,,,0,0,4,299,1,,,,,,
1738061322.8355238,,,,,0,0,4,303,1,,,,,,
1738061322.8615808,,,,,0,0,3,306,1,,,,,,
1738061322.9102707,,,,,0,0,2,309,1,,,,,,
1738061322.9539797,,,,,0,0,1,309,1,,,,,,
1738061322.9910994,,,,,0,0,2,310,1,,,,,,
1738061323.0317218,,,,,0,0,2,309,1,,,,,,
1738061323.1402907,,,,,0,0,2,309,1,,,,,,
1738061323.1862352,,,,,0,0,2,310,1,,,,,,
1738061323.2444847,,,,,0,0,2,310,1,,,,,,
1738061323.2689676,,,,,0,0,2,311,1,,,,,,
1738061323.3073032,,,,,0,0,2,311,1,,,,,,
1738061323.331751,,,,,0,0,2,310,1,,,,,,
1738061323.3836513,,,,,0,0,2,311,1,,,,,,
1738061323.431699,,,,,0,0,2,310,1,,,,,,
1738061323.4836762,,,,,0,0,2,311,1,,,,,,
1738061323.5317936,,,,,0,0,3,309,1,,,,,,
1738061323.5842555,,,,,0,0,3,309,1,,,,,,
1738061323.6318269,,,,,0,0,3,308,1,,,,,,
1738061323.6841202,,,,,0,0,3,308,1,,,,,,
1738061323.7317183,,,,,0,0,3,309,1,,,,,,
1738061323.783958,,,,,0,0,2,309,1,,,,,,
1738061323.8751888,,,,,0,0,2,309,1,,,,,,
1738061323.9626122,,,,,0,0,2,308,1,,,,,,
1738061324.327036,,,,,0,0,2,309,1,,,,,,
1738061324.3549745,,,,,0,0,3,306,1,,,,,,
1738061324.3868518,,,,,0,0,3,305,1,,,,,,
1738061324.4236162,,,,,0,0,3,305,1,,,,,,
1738061324.4461377,,,,,0,0,,,0,,,,,,
1738061324.4686933,,,,,0,0,,,0,,,,,,
1738061324.4876096,,,,,0,0,,,0,,,,,,
1738061324.536253,,,,,0,0,,,0,,,,,,
1738061324.583655,91,379,,,1,0,,,0,,,,,,
1738061324.6318316,94,379,,,1,0,,,0,,,,,,
1738061324.683707,83,354,86,364,1,1,,,0,,,,,,
1738061324.733148,82,340,,,1,0,,,0,,,,,,
1738061324.7835617,83,326,,,1,0,,,0,,,,,,
1738061324.833502,85,314,,,1,0,,,0,,,,,,
1738061324.8837535,86,308,,,1,0,,,0,,,,,,
1738061324.9326377,,,,,0,0,,,0,,,,,,
1738061324.9836798,,,,,0,0,,,0,,,,,,
1738061325.0315917,,,,,0,0,,,0,,,,,,
1738061325.083733,80,312,,,1,0,,,0,,,,,,
1738061325.1325684,,,,,0,0,,,0,,,,,,
1738061325.1836865,,,,,0,0,,,0,,,,,,
1738061325.2317197,,,,,0,0,,,0,,,,,,
1738061325.2834637,71,333,72,321,1,1,,,0,,,,,,
1738061325.3341715,71,345,,,1,0,,,0,,,,,,
1738061325.3840795,,,,,0,0,,,0,,,,,,
1738061325.4316869,,,,,0,0,,,0,,,,,,
1738061325.4836116,73,346,72,334,1,1,,,0,,,,,,
1738061325.5319684,71,323,,,1,0,,,0,,,,,,
1738061325.5843124,,,,,0,0,,,0,,,,,,
1738061325.6334198,72,324,72,314,1,1,,,0,,,,,,
1738061325.6847527,74,335,,,1,0,,,0,,,,,,
1738061325.7316682,,,,,0,0,,,0,,,,,,
1738061325.7835898,,,,,0,0,,,0,,,,,,
1738061325.8323987,79,330,,,1,0,,,0,,,,,,
1738061325.88437,,,,,0,0,,,0,,,,,,
1738061325.9324086,82,332,80,320,1,1,,,0,,,,,,
1738061325.9893277,80,341,,,1,0,,,0,,,,,,
1738061326.0320768,,,,,0,0,,,0,,,,,,
1738061326.083922,78,350,,,1,0,,,0,,,,,,
1738061326.1316833,77,342,,,1,0,,,0,,,,,,
1738061326.183608,,,,,0,0,,,0,,,,,,
1738061326.2357953,74,327,74,337,1,1,,,0,,,,,,
1738061326.2916229,74,351,,,1,0,,,0,,,,,,
1738061326.3359494,77,372,,,1,0,,,0,,,,,,
1738061326.3856509,,,,,0,0,,,0,,,,,,
1738061326.4356635,73,361,,,1,0,,,0,,,,,,
1738061326.4835992,74,349,,,1,0,,,0,,,,,,
1738061326.535626,,,,,0,0,,,0,,,,,,
1738061326.587037,,,,,0,0,,,0,,,,,,
1738061326.6356492,,,,,0,0,,,0,,,,,,
1738061326.6842983,,,,,0,0,,,0,,,,,,
1738061326.7357512,80,358,,,1,0,,,0,,,,,,
1738061326.7836103,,,,,0,0,,,0,,,,,,
1738061326.8372877,,,,,0,0,,,0,,,,,,
1738061326.8839076,,,,,0,0,,,0,,,,,,
1738061326.9360359,,,,,0,0,,,0,,,,,,
1738061326.9836898,,,,,0,0,,,0,,,,,,
1738061327.0371695,,,,,0,0,,,0,,,,,,
1738061327.0836139,,,,,0,0,51,220,1,,,,,,
1738061327.1359181,,,,,0,0,40,215,1,,,,,,
1738061327.1837232,,,,,0,0,27,224,1,,,,,,
1738061327.235726,,,,,0,0,12,230,1,,,,,,
1738061327.2837098,,,,,0,0,5,234,1,,,,,,
1738061327.3356752,,,,,0,0,1,238,1,,,,,,
1738061327.3855324,,,,,0,0,,,0,,,,,,
1738061327.4357502,,,,,0,0,,,0,,,,,,
1738061327.4838746,,,,,0,0,,,0,,,,,,
1738061327.5423036,,,,,0,0,,,0,,,,,,
1738061327.584089,,,,,0,0,,,0,,,,,,
1738061327.6462593,,,,,0,0,,,0,,,,,,
1738061327.6855705,,,,,0,0,,,0,,,,,,
1738061327.7356684,,,,,0,0,,,0,,,,,,
1738061327.7837903,,,,,0,0,,,0,,,,,,
1738061327.8356607,,,,,0,0,,,0,,,,,,
1738061327.8839636,,,,,0,0,,,0,,,,,,
1738061327.9371161,,,,,0,0,,,0,,,,,,
1738061327.9837337,,,,,0,0,,,0,,,,,,
1738061328.058413,,,,,0,0,,,0,,,,,,
1738061328.0838838,,,,,0,0,,,0,,,,,,
1738061328.1356642,,,,,0,0,,,0,,,,,,
1738061328.1835866,,,,,0,0,,,0,,,,,,
1738061328.2362254,,,,,0,0,,,0,,,,,,
1738061328.2840376,,,,,0,0,,,0,,,,,,
1738061328.3359587,,,,,0,0,,,0,,,,,,
1738061328.3836107,,,,,0,0,,,0,,,,,,
1738061328.4356809,,,,,0,0,,,0,,,,,,
1738061328.4836738,,,,,0,0,,,0,,,,,,
1738061328.5356078,,,,,0,0,,,0,,,,,,
1738061328.5837126,,,,,0,0,,,0,,,,,,
1738061328.6357424,,,,,0,0,,,0,,,,,,
1738061328.683781,,,,,0,0,,,0,,,,,,
1738061328.7359927,,,,,0,0,,,0,,,,,,
1738061328.7838445,,,,,0,0,,,0,,,,,,
1738061328.835613,,,,,0,0,,,0,,,,,,
1738061328.8857465,,,,,0,0,,,0,,,,,,
1738061328.9362469,,,,,0,0,,,0,,,,,,
1738061328.983701,,,,,0,0,,,0,,,,,,
1738061329.035839,,,,,0,0,,,0,,,,,,
1738061329.083578,,,,,0,0,,,0,,,,,,
1738061329.1358728,,,,,0,0,,,0,,,,,,
1738061329.1836765,,,,,0,0,,,0,,,,,,
1738061329.2362866,,,,,0,0,,,0,,,,,,
1738061329.2837346,,,,,0,0,,,0,,,,,,
1738061329.3364086,,,,,0,0,,,0,,,,,,
1738061329.3876286,,,,,0,0,,,0,,,,,,
1738061329.435651,,,,,0,0,,,0,,,,,,
1738061329.4877944,,,,,0,0,,,0,,,,,,
1738061329.5355995,,,,,0,0,,,0,,,,,,
1738061329.5899074,,,,,0,0,,,0,,,,,,
1738061329.6480806,,,,,0,0,,,0,,,,,,
1738061329.6875713,,,,,0,0,5,218,1,,,,,,
1738061329.7356515,,,,,0,0,14,214,1,,,,,,
1738061329.7879891,70,394,,,1,0,25,211,1,,,,,,
1738061329.8648608,,,,,0,0,35,209,1,,,,,,
1738061329.8876703,,,,,0,0,42,209,1,,,,,,
1738061329.9367075,54,383,,,1,0,48,210,1,,,,,,
1738061329.988312,,,,,0,0,53,210,1,,,,,,
1738061330.0357573,,,,,0,0,68,206,1,,,,,,
1738061330.088848,,,,,0,0,86,203,1,,,,,,
1738061330.1357841,,,,,0,0,103,192,1,,,,,,
1738061330.187761,52,360,,,1,0,,,0,,,,,,
1738061330.2358236,,,,,0,0,,,0,,,,,,
1738061330.3105314,72,371,,,1,0,,,0,,,,,,
1738061330.356051,58,355,,,1,0,,,0,,,,,,
1738061330.3941503,,,,,0,0,,,0,,,,,,
1738061330.4361613,,,,,0,0,,,0,,,,,,
1738061330.4882002,,,,,0,0,,,0,,,,,,
1738061330.5784004,39,360,,,1,0,,,0,,,,,,
1738061330.6006672,,,,,0,0,,,0,,,,,,
1738061330.6434562,,,,,0,0,,,0,,,,,,
1738061330.7265844,,,,,0,0,,,0,,,,,,
1738061330.777183,,,,,0,0,,,0,,,,,,
1738061330.8079503,,,,,0,0,,,0,,,,,,
1738061330.835691,,,,,0,0,,,0,,,,,,
1738061330.8878334,,,,,0,0,,,0,,,,,,
1738061330.9355323,,,,,0,0,,,0,,,,,,
1738061330.9876802,41,367,,,1,0,,,0,,,,,,
1738061331.0355847,40,371,,,1,0,,,0,,,,,,
1738061331.0880687,39,355,,,1,0,,,0,,,,,,
1738061331.1567783,,,,,0,0,96,174,1,,,,,,
1738061331.229577,,,,,0,0,73,181,1,,,,,,
1738061331.2536068,,,,,0,0,60,188,1,,,,,,
1738061331.2891421,,,,,0,0,51,189,1,,,,,,
1738061331.3355887,,,,,0,0,40,186,1,,,,,,
1738061331.3876321,,,,,0,0,33,183,1,,,,,,
1738061331.4397693,,,,,0,0,25,184,1,,,,,,
1738061331.48987,,,,,0,0,18,188,1,,,,,,
1738061331.5363083,,,,,0,0,9,193,1,,,,,,
1738061331.588158,,,,,0,0,4,197,1,,,,,,
1738061331.635667,,,,,0,0,,,0,,,,,,
1738061331.7084103,,,,,0,0,,,0,,,,,,
1738061331.739732,,,,,0,0,,,0,,,,,,
1738061331.787791,,,,,0,0,,,0,,,,,,
1738061331.8356614,,,,,0,0,,,0,,,,,,
1738061331.887494,,,,,0,0,,,0,,,,,,
1738061331.9355447,,,,,0,0,,,0,,,,,,
1738061331.9875903,,,,,0,0,,,0,,,,,,
1738061332.035573,,,,,0,0,,,0,,,,,,
1738061332.0894563,,,,,0,0,,,0,,,,,,
1738061332.1361902,,,,,0,0,,,0,,,,,,
1738061332.1877916,,,,,0,0,,,0,,,,,,
1738061332.23597,,,,,0,0,,,0,,,,,,
1738061332.2883916,,,,,0,0,,,0,,,,,,
1738061332.3357265,,,,,0,0,,,0,,,,,,
1738061332.3877096,,,,,0,0,,,0,,,,,,
1738061332.7297704,,,,,0,0,,,0,,,,,,
1738061332.8813868,,,,,0,0,5,193,1,,,,,,
1738061332.9693305,,,,,0,0,21,187,1,,,,,,
1738061332.991891,,,,,0,0,40,181,1,,,,,,
1738061333.053183,,,,,0,0,103,168,1,,,,,,
1738061333.1610901,,,,,0,0,162,160,1,,,,,,
1738061333.2303095,,,,,0,0,,,0,,,,,,
1738061333.3988543,,,,,0,0,,,0,,,,,,
1738061333.5785022,,,,,0,0,,,0,,,,,,
1738061333.7546446,,,,,0,0,298,148,1,,,,,,
1738061334.1645594,21,411,,,1,0,314,146,1,,,,,,
1738061334.555653,94,374,87,391,1,1,356,115,1,,,,,,
1738061334.5866733,,,,,0,0,381,116,1,,,,,,
1738061334.606788,,,,,0,0,,,0,,,,,,
1738061334.6320515,,,,,0,0,425,89,1,,,,,,
1738061334.8625565,,,,,0,0,428,92,1,,,,,,
1738061335.2726681,,,,,0,0,433,91,1,,,,,,
1738061335.317444,,,,,0,0,,,0,,,,,,
1738061335.3700392,,,,,0,0,,,0,,,,,,
1738061335.4109974,,,,,0,0,458,94,1,,,,,,
1738061335.4324265,,,,,0,0,444,92,1,,,,,,
1738061335.456424,,,,,0,0,443,92,1,,,,,,
1738061335.5089037,,,,,0,0,441,92,1,,,,,,
1738061335.5649881,,,,,0,0,441,92,1,,,,,,
1738061335.6184952,,,,,0,0,440,91,1,,,,,,
1738061335.6484478,,,,,0,0,440,92,1,,,,,,
1738061335.7163343,,,,,0,0,441,91,1,,,,,,
1738061335.7390046,,,,,0,0,443,91,1,,,,,,
1738061335.8180873,,,,,0,0,444,91,1,,,,,,
1738061335.8599517,,,,,0,0,444,92,1,,,,,,
1738061335.901526,,,,,0,0,444,91,1,,,,,,
1738061335.9305995,,,,,0,0,443,92,1,,,,,,
1738061335.9539373,,,,,0,0,441,92,1,,,,,,
1738061335.9956746,,,,,0,0,438,89,1,,,,,,
1738061336.0404947,,,,,0,0,435,90,1,,,,,,
1738061336.0928612,,,,,0,0,432,88,1,,,,,,
1738061336.139609,,,,,0,0,,,0,,,,,,
1738061336.1919177,,,,,0,0,,,0,,,,,,
1738061336.2395706,,,,,0,0,,,0,,,,,,
1738061336.2916124,,,,,0,0,,,0,,,,,,
1738061336.3397105,,,,,0,0,394,87,1,,,,,,
1738061336.39164,,,,,0,0,382,88,1,,,,,,
1738061336.4396372,,,,,0,0,366,85,1,,,,,,
1738061336.4918392,,,,,0,0,,,0,,,,,,
1738061336.5764418,,,,,0,0,,,0,,,,,,
1738061336.6402028,,,,,0,0,,,0,,,,,,
1738061336.6611633,,,,,0,0,,,0,,,,,,
1738061336.69171,,,,,0,0,,,0,,,,,,
1738061336.7396505,,,,,0,0,,,0,,,,,,
1738061336.7923675,,,,,0,0,,,0,,,,,,
1738061336.8396134,,,,,0,0,,,0,,,,,,
1738061336.891738,,,,,0,0,,,0,,,,,,
1738061336.9396322,,,,,0,0,,,0,,,,,,
1738061336.9918106,,,,,0,0,,,0,,,,,,
1738061337.0400944,,,,,0,0,,,0,,,,,,
1738061337.0915177,,,,,0,0,,,0,,,,,,
1738061337.140296,,,,,0,0,,,0,,,,,,
1738061337.1918447,,,,,0,0,,,0,,,,,,
1738061337.2396193,,,,,0,0,,,0,,,,,,
1738061337.2917693,,,,,0,0,,,0,,,,,,
1738061337.3504303,,,,,0,0,,,0,,,,,,
1738061337.3919463,,,,,0,0,,,0,,,,,,
1738061337.4617436,,,,,0,0,,,0,,,,,,
1738061337.4918306,,,,,0,0,,,0,,,,,,
1738061337.5445638,,,,,0,0,,,0,,,,,,
1738061337.5916643,,,,,0,0,,,0,,,,,,
1738061337.6439788,,,,,0,0,,,0,,,,,,
1738061337.6938827,,,,,0,0,,,0,,,,,,
1738061337.7869105,,,,,0,0,,,0,,,,,,
1738061337.8105,,,,,0,0,,,0,,,,,,
1738061337.844238,,,,,0,0,,,0,,,,,,
1738061337.8917887,,,,,0,0,,,0,,,,,,
1738061337.9396741,,,,,0,0,,,0,,,,,,
1738061337.9916372,,,,,0,0,,,0,,,,,,
1738061338.0407434,,,,,0,0,,,0,,,,,,
1738061338.0917315,,,,,0,0,,,0,,,,,,
1738061338.139755,,,,,0,0,,,0,,,,,,
1738061338.1916623,,,,,0,0,,,0,,,,,,
1738061338.240423,,,,,0,0,,,0,,,,,,
1738061338.2923384,,,,,0,0,,,0,,,,,,
1738061338.3398676,,,,,0,0,,,0,,,,,,
1738061338.4009795,,,,,0,0,,,0,,,,,,
1738061338.4397082,,,,,0,0,,,0,,,,,,
1738061338.5275562,,,,,0,0,,,0,,,,,,
1738061338.5870967,,,,,0,0,,,0,,,,,,
1738061338.610648,,,,,0,0,,,0,,,,,,
1738061338.6665547,,,,,0,0,,,0,,,,,,
1738061338.697779,,,,,0,0,,,0,,,,,,
1738061338.7433987,,,,,0,0,,,0,,,,,,
1738061338.791896,,,,,0,0,,,0,,,,,,
1738061338.8435993,,,,,0,0,,,0,,,,,,
1738061338.891822,,,,,0,0,,,0,,,,,,
1738061338.9439487,,,,,0,0,,,0,,,,,,
1738061338.992095,,,,,0,0,,,0,,,,,,
1738061339.0444381,,,,,0,0,,,0,,,,,,
1738061339.0917015,,,,,0,0,,,0,,,,,,
1738061339.1440403,,,,,0,0,,,0,,,,,,
1738061339.1920922,,,,,0,0,,,0,,,,,,
1738061339.243827,,,,,0,0,,,0,,,,,,
1738061339.291925,,,,,0,0,,,0,,,,,,
1738061339.344271,,,,,0,0,,,0,,,,,,
1738061339.4016201,,,,,0,0,,,0,,,,,,
1738061339.4852357,,,,,0,0,,,0,,,,,,
1738061339.5227766,,,,,0,0,,,0,,,,,,
1738061339.5452547,,,,,0,0,,,0,,,,,,
1738061339.5918033,,,,,0,0,,,0,,,,,,
1738061339.6438503,,,,,0,0,,,0,,,,,,
1738061339.6934597,,,,,0,0,,,0,,,,,,
1738061340.0900295,,,,,0,0,,,0,,,,,,
1738061340.132495,,,,,0,0,,,0,,,,,,
1738061340.1638675,,,,,0,0,,,0,,,,,,
1738061340.1930299,,,,,0,0,,,0,,,,,,
1738061340.288519,,,,,0,0,,,0,,,,,,
1738061340.3284407,,,,,0,0,,,0,,,,,,
1738061340.3582914,,,,,0,0,,,0,,,,,,
1738061340.6163597,,,,,0,0,,,0,,,,,,
1738061340.6335523,,,,,0,0,,,0,,,,,,
1738061340.665446,,,,,0,0,,,0,,,,,,
1738061340.7429748,,,,,0,0,,,0,,,,,,
1738061340.77232,,,,,0,0,,,0,,,,,,
1738061340.8071463,,,,,0,0,,,0,,,,,,
1738061340.8258684,,,,,0,0,,,0,,,,,,
1738061340.8562348,,,,,0,0,,,0,,,,,,
1738061340.8915699,,,,,0,0,,,0,,,,,,
1738061340.9445252,,,,,0,0,,,0,,,,,,
1738061340.9915202,,,,,0,0,,,0,,,,,,
1738061341.0435488,,,,,0,0,,,0,,,,,,
1738061341.0916724,,,,,0,0,,,0,,,,,,
1738061341.1439703,,,,,0,0,,,0,,,,,,
1738061341.1922126,,,,,0,0,,,0,,,,,,
1738061341.2574108,,,,,0,0,,,0,,,,,,
1738061341.2938817,,,,,0,0,,,0,,,,,,
1738061341.3437319,,,,,0,0,,,0,,,,,,
1738061341.3916063,,,,,0,0,,,0,,,,,,
1738061341.4551141,,,,,0,0,,,0,,,,,,
1738061341.4914396,,,,,0,0,,,0,,,,,,
1738061341.5437675,,,,,0,0,,,0,,,,,,
1738061341.5918584,,,,,0,0,,,0,,,,,,
1738061341.6740875,,,,,0,0,,,0,,,,,,
1738061341.743593,,,,,0,0,,,0,,,,,,
1738061341.7708275,,,,,0,0,,,0,,,,,,
1738061341.8050232,,,,,0,0,,,0,,,,,,
1738061341.8437996,,,,,0,0,,,0,,,,,,
1738061341.8956032,,,,,0,0,,,0,,,,,,
1738061341.950921,,,,,0,0,,,0,,,,,,
1738061342.0418062,,,,,0,0,,,0,,,,,,
1738061342.074712,,,,,0,0,,,0,,,,,,
1738061342.103631,,,,,0,0,,,0,,,,,,
1738061342.143816,,,,,0,0,,,0,,,,,,
1738061342.1962423,,,,,0,0,,,0,,,,,,
1738061342.2443292,,,,,0,0,,,0,,,,,,
1738061342.2973628,,,,,0,0,,,0,,,,,,
1738061342.3436716,,,,,0,0,,,0,,,,,,
1738061342.3963604,,,,,0,0,,,0,,,,,,
1738061342.4437752,,,,,0,0,,,0,,,,,,
1738061342.4957886,,,,,0,0,,,0,,,,,,
1738061342.5436072,,,,,0,0,,,0,,,,,,
1738061342.5964952,,,,,0,0,,,0,,,,,,
1738061342.643591,,,,,0,0,,,0,,,,,,
1738061342.6955266,,,,,0,0,,,0,,,,,,
1738061342.745037,,,,,0,0,,,0,,,,,,
1738061342.7954967,,,,,0,0,,,0,,,,,,
1738061342.843567,,,,,0,0,,,0,,,,,,
1738061342.895646,,,,,0,0,,,0,,,,,,
1738061342.9436603,,,,,0,0,,,0,,,,,,
1738061342.9956143,,,,,0,0,,,0,,,,,,
1738061343.0435996,,,,,0,0,,,0,,,,,,
1738061343.0958047,,,,,0,0,,,0,,,,,,
1738061343.1437445,,,,,0,0,,,0,,,,,,
1738061343.1957114,,,,,0,0,,,0,,,,,,
1738061343.24372,,,,,0,0,,,0,,,,,,
1738061343.2955523,,,,,0,0,,,0,,,,,,
1738061343.343773,,,,,0,0,,,0,,,,,,
1738061343.3957343,,,,,0,0,,,0,,,,,,
1738061343.4437008,,,,,0,0,,,0,,,,,,
1738061343.4961116,,,,,0,0,,,0,,,,,,
1738061343.598345,,,,,0,0,,,0,,,,,,
1738061343.6222718,,,,,0,0,,,0,,,,,,
1738061343.6480873,,,,,0,0,,,0,,,,,,
1738061343.6954417,,,,,0,0,,,0,,,,,,
1738061343.7658536,,,,,0,0,,,0,,,,,,
1738061343.8010535,,,,,0,0,,,0,,,,,,
1738061343.8436496,,,,,0,0,,,0,,,,,,
1738061343.8956704,,,,,0,0,,,0,,,,,,
1738061343.9437084,,,,,0,0,,,0,,,,,,
1738061343.9956787,,,,,0,0,,,0,,,,,,
1738061344.0453897,,,,,0,0,,,0,,,,,,
1738061344.1263614,,,,,0,0,,,0,,,,,,
1738061344.2148094,,,,,0,0,,,0,,,,,,
1738061344.3250194,,,,,0,0,,,0,,,,,,
1738061344.343506,,,,,0,0,,,0,,,,,,
1738061344.3627467,,,,,0,0,,,0,,,,,,
1738061344.431627,,,,,0,0,,,0,,,,,,
1738061344.5039814,,,,,0,0,,,0,,,,,,
1738061344.5243814,,,,,0,0,,,0,,,,,,
1738061344.550063,,,,,0,0,,,0,,,,,,
1738061344.6020818,,,,,0,0,,,0,,,,,,
1738061344.6271834,,,,,0,0,,,0,,,,,,
1738061344.7098315,,,,,0,0,,,0,,,,,,
1738061344.7396863,,,,,0,0,,,0,,,,,,
1738061344.767477,,,,,0,0,,,0,,,,,,
1738061344.8145154,,,,,0,0,,,0,,,,,,
1738061344.843755,,,,,0,0,,,0,,,,,,
1738061344.8957844,,,,,0,0,,,0,,,,,,
1738061344.9439893,,,,,0,0,,,0,,,,,,
1738061344.9956455,,,,,0,0,,,0,,,,,,
1738061345.0477657,,,,,0,0,,,0,,,,,,
1738061345.0956926,,,,,0,0,,,0,,,,,,
1738061345.1753561,,,,,0,0,,,0,,,,,,
1738061345.210508,,,,,0,0,,,0,,,,,,
1738061345.248223,,,,,0,0,,,0,,,,,,
1738061345.2959204,,,,,0,0,,,0,,,,,,
1738061345.348164,,,,,0,0,,,0,,,,,,
1738061345.395575,,,,,0,0,,,0,,,,,,
1738061345.4478776,,,,,0,0,,,0,,,,,,
1738061345.495957,,,,,0,0,,,0,,,,,,
1738061345.5478914,,,,,0,0,,,0,,,,,,
1738061345.5958457,,,,,0,0,,,0,,,,,,
1738061345.6479633,,,,,0,0,,,0,,,,,,
1738061345.6955788,,,,,0,0,,,0,,,,,,
1738061345.747759,,,,,0,0,,,0,,,,,,
1738061345.7960143,,,,,0,0,,,0,,,,,,
1738061345.8482182,,,,,0,0,,,0,,,,,,
1738061345.8984146,,,,,0,0,,,0,,,,,,
1738061345.9479063,,,,,0,0,,,0,,,,,,
1738061345.995546,,,,,0,0,,,0,,,,,,
1738061346.0478756,,,,,0,0,,,0,,,,,,
1738061346.0960133,,,,,0,0,,,0,,,,,,
1738061346.1478825,,,,,0,0,,,0,,,,,,
1738061346.1959298,,,,,0,0,,,0,,,,,,
1738061346.2831273,,,,,0,0,,,0,,,,,,
1738061346.3037102,,,,,0,0,,,0,,,,,,
1738061346.3480575,,,,,0,0,,,0,,,,,,
1738061346.3959646,,,,,0,0,,,0,,,,,,
1738061346.4485643,,,,,0,0,,,0,,,,,,
1738061346.4956634,,,,,0,0,,,0,,,,,,
1738061346.5487573,,,,,0,0,,,0,,,,,,
1738061346.5957594,,,,,0,0,,,0,,,,,,
1738061346.6477034,,,,,0,0,,,0,,,,,,
1738061346.6957905,,,,,0,0,,,0,,,,,,
1738061346.7481446,,,,,0,0,,,0,,,,,,
1738061346.8056746,,,,,0,0,,,0,,,,,,
1738061346.8790329,,,,,0,0,,,0,,,,,,
1738061346.9083307,,,,,0,0,,,0,,,,,,
1738061346.947578,,,,,0,0,,,0,,,,,,
1738061346.9958336,,,,,0,0,,,0,,,,,,
1738061347.0476558,,,,,0,0,,,0,,,,,,
1738061347.0960543,,,,,0,0,,,0,,,,,,
1738061347.1480768,,,,,0,0,,,0,,,,,,
1738061347.1956933,,,,,0,0,,,0,,,,,,
1738061347.2479703,,,,,0,0,,,0,,,,,,
1738061347.2956803,,,,,0,0,,,0,,,,,,
1738061347.3481638,,,,,0,0,,,0,,,,,,
1738061347.8680534,,,,,0,0,,,0,,,,,,
1738061348.0124743,,,,,0,0,,,0,,,,,,
